Political Science,N
ROSS SCH Management & Orgs.,N
Office of Academic Affairs,N
Nutritional Sciences,N
LSA Kelsey Museum of Arch,N
CENTER FOR THE STUDY OF CURRICULUM,N
LSA Near Eastern Studies,N
Pharmacy Practice and Admin Sciences,N
CECH Education,N
Depression Center,N
CECH Criminal Justice,N
COEHD ACAD TEACHER EXCELLENCE,N
LSA History,N
IL Natural History Survey,N
English,N
Asian American Studies,N
PSYCHOLOGY SOCIAL SCIENCE,N
Biotechnology Teaching,N
SOM-RM PHYSICAL THERAPY,N
Counseling Services,N
SOM-PEDS NUTRITION-SALSVR,N
Psychiatry-ASAP,N
Hlth Behavior & Hlth Ed Dept,N
PACKAGING,N
CAHS Communication Sciences & Disorders,N
History,N
Foreign Languages And Literatu,N
Philosophy & Religious Studies,N
Population Studies Center,N
Ag & Resource Economics,N
AGRICULTURAL FOOD AND RESOURCE ECONOMICS,N
SOM-PSYCH BEH H&W SPR/GIFT,N
School of Nursing,N
COE Deans Office,N
BTEC-Biomfg Training Ed Ctr,N
Agr & Consumer Economics,N
CPS- Ctr for Political Studies,N
COB Marketing,N
COMMUNICATION,N
Law Research Faculty Activity,N
Inst for Sustain,N
PHILOSOPHY,N
Business Administration,N
Media and Cinema Studies,N
SRC-Survey Methodology,N
CENTER FOR GLOBAL CONNECTIONS CGC,N
EDUC-DEANS OFFICE,N
Child Behavioral Health,N
LSA II: Weiser Emerging Democr,N
MCDB-INSTRUCTION,N
Engineering-Academic Affairs,N
TEACHER EDUCATION,N
School of Social Work,N
POLITICAL SCIENCE,N
School of Labor & Empl. Rel.,N
SRC - Youth & Social Issues,N
Food Science & Human Nutrition,N
DEPARTMENT OF MEDIA AND INFORMATION,N
LSA Philosophy,N
Law Clinical Activity,N
Urban Planning,N
LSA History of Art,N
Kinesiology & Community Health,N
Food,N
Educational Psychology,N
Law,N
COMMUNICATIVE SCIENCES DISORDERS CAS,N
SOP-ADMINISTRATION,N
Latina/Latino Studies,N
LSA Natl Ctr Inst Diversity,N
Law School,N
CRSC - Grants,N
LSA English Language & Lit.,N
LSA Psychology,N
Germanic Languages & Lit,N
COUNSELING,N
COMMUNITY EVALUATION & RSCH COLLABRTVE,N
EDUCATION DEAN,N
LSA Economics,N
G. Ford Sc Pub Pol,N
Psychiatry Child Services,N
LSA Judaic Studies,N
Pgm for Res in the Humanities,N
GSA - Administration (GSA/ADM),N
PSYCH-PSYCHOLOGY,N
LSA II: Nam Ctr Korean Studies,N
Psychiatry Depression Center,N
Sociology & Anthropology,N
HISTORY,N
EXTENSION HEALTH AND NUTRITION,N
African American Studies,N
Parks,N
LSA Humanities Institute,N
CVM Teaching Hospital,N
Education Administration,N
FOOD SCIENCE AND HUM NUTRITION ANR,N
SOE-Educational Studies,N
MSUE DIRECTORS OFFICE,N
Dance,N
LSA II: Chinese Studies,N
School of Education,N
American Indian Studies Prgrm,N
LSA Linguistics,N
L&S/CTR FOR HUMANITIES,N
L&S/ENGLISH/ENGLISH,N
L&S/INST FOR RSCH-HUMANITIES,N
L&S/INST RESEARCH ON POVERTY,N
L&S/ECONOMICS/ECONOMICS,N
L&S/POLITICAL SCI/POLI SCI,N
CALS/NUTRITIONAL SCIENCES,N
VET M/ADMIN-RES&GRAD TRAINING,N
L&S/PSYCHOLOGY/PSYCHOLOGY,N
SMPH/SURGERY/SPEECH,N
SOHE/CENTERS/NONPROFITS,N
SMPH\ADMIN\EXTRAMURAL SUPP,N
L&S/SOCIOLOGY/SOCIOLOGY,N
CALS/AGRONOMY,N
L&S/HISTORY/HISTORY,N
L&S/CTR FOR HEALTHY MINDS,N
SOHE/CENTERS/FAMILY STUDIES,N
EDUC/WCER,N
"COUNSELING, EDUC PSYCH & SPEC EDUC",N
"Parks, Recreation & Tourism Mg",N
ANIMAL CARE PROGRAM,Y
SMPH/PSYCHIATRY/PSYCHIATRY,Y
Molecular & Integrative Physl,Y
LSA Biophysics,Y
Forest Biomaterials,Y
GEOGRAPHY ENVIRONMENT SPATIAL SCIENCES,Y
Ctr. for Geospatial Analytics,Y
Human Genetics Department,Y
COS BIOLOGY,Y
Coordinated Science Lab,Y
COMPUTATIONAL MATH SCI AND ENGR CNS,Y
SOM-MED-GASTROENTEROLOGY,Y
Pediatrics-Endocrinology,Y
COE ELECTRICAL ENGINEERING,Y
U of M Energy Institute,Y
SOM-MED-INFECTIOUS DISEASE,Y
Mathematics,Y
SOM-SRG-VS CLINICAL,Y
School of Dentistry,Y
COM IM Pulmonary Division,Y
Chemical & Biomolecular C&G,Y
UMTRI-Engineering Systems,Y
Nuclear Eng & Radiological Sci,Y
COM Pathology Hui Lab,Y
Materials Science &Engineering,Y
Radiation Oncology - Physics,Y
COE CIVIL ENGINEERING,Y
Information Trust Institute,Y
BIOCHEMISTRY,Y
COM Can Bio Zhang Lab,Y
Entomology,Y
SOM-IMMUNOLOGY MICROBIOLOGY,Y
Psych HlthSvc Outcome Research,Y
SOM-SRG-GI CLINICAL,Y
COM Can Bio Du Lab,Y
SOM-MED-GIM,Y
SOM-RADIATION ONCOLOGY,Y
Neurology Department,Y
COM Can Bio Plas Lab,Y
SOM-PEDS GENERAL PEDS-GENOPS,Y
ENGR-ELECTRICAL,Y
SOM-MED-BIOMED,Y
SOM-MED-HCP&R GEN OPERATIONS,Y
Pediatric Surgery Section,Y
CEAS - Biomedical Eng,Y
COM Pathology Tso Lab,Y
Micro and Nanotechnology Lab,Y
SOM-SRG-PEDS CLINICAL,Y
PHYSIOLOGY HUMAN MEDICINE,Y
SRC-Quantitative Methods,Y
Mechanical Sci & Engineering,Y
Physics,Y
SOM-ANESTHESIOLOGY,Y
Dbn Col of Eng-Electric & Comp,Y
COM Mol Gen T Thompson Lab,Y
SOM-SRG-CT CLINICAL,Y
COM IM Immunology Division,Y
PHYSIOLOGY NATURAL SCIENCE,Y
SOM-MED-ONCOLOGY,Y
Electrical & Computer Eng,Y
Crop & Soil Sciences,Y
COM Psychiatry Sah,Y
COM EH EGMT Puga Lab,Y
PHYSICS-ASTRONOMY,Y
Chemical & Biomolecular Engr,Y
Institute for Genomic Biology,Y
ENTOMOLOGY AGRICULTURE AND NATURAL RES,Y
COM IM Infectious Diseases Division,Y
CLAS-BIOLOGY,Y
SOM-NEUROLOGY,Y
HUMAN DEVELOPMENT & FAMILY STUDIES - CSS,Y
BIO/COMPUTATIONAL EVOLUTION IN ACTION,Y
SRC-Innovation,Y
COE MECHANICAL ENGINEERING,Y
Cell & Developmental Biology,Y
FAMILY MEDICINE,Y
Sch of Nat Resources & Environ,Y
Astronomy,Y
SOM-MED-RENAL GENERAL,Y
School of Medicine,Y
Pediatrics-Nephrology,Y
School of Pharmacy,Y
ANIMAL SCIENCE DEPARTMENT ANR,Y
SOM-MED-CARDIOLOGY,Y
INTEGRATIVE BIOLOGY,Y
LSA Molec./Cell./Develop. Bio,Y
COM EH Bio Medvedovic Lab,Y
Pharmacy Pauletti Lab,Y
Cell and Developmental Biology,Y
Clinical Pharmacy,Y
Urology,Y
COM Can Bio Biology Ben-Jonathan Lab,Y
GEOGRAPHY DEPARTMENT,Y
Sci,Y
Pediatrics-Hematology/Oncology,Y
RESEARCH TECHNOLOGY SUPPORT FACILTY,Y
BIOCHEMISTRY & MOLECULAR BIOLOGY CNS,Y
SOM-BARBARA DAVIS CENTER,Y
PEDIATRICS AND HUMAN DEVELOPMENT,Y
Pharmacy Pharmaceutical Sciences,Y
BIOFRONTIERS INSTITUTE,Y
Geography & Geographic InfoSci,Y
Physics Grads & Temps,Y
Int Med-Hematology/Oncology,Y
NC Inst of Climate Studies,Y
ENGR-CIVIL,Y
LSA Chemistry,Y
Department of Radiology,Y
Biomedical Program - ENG,Y
SOM-MED ADMIN RESEARCH,Y
Adv Simulation of Lght Wt Rect,Y
A&S Geology,Y
COM Surgery Research,Y
Computer Science,Y
Bioengineering,Y
Textile & Apparel,Y
COM Pathology & Lab Medicine,Y
COM Psychiatry Clinical Research,Y
DENT Periodontics and Oral Med,Y
OBSTETRICS GYNECOLOGY & REPRODUCTIVE BIO,Y
KELLOGG BIOLOGICAL STATION NAT. SCI.,Y
PHARMACY Pharmaceutical Sci,Y
FACILITY FOR RARE ISOTOPE BEAMS,Y
CHEMISTRY,Y
COM Emergency Medicine A,Y
PHYSICS,Y
Ophthalmology & Visual Science,Y
Dermatology Department,Y
Emergency Med Critical Care,Y
SOM-BIOCHEM&MOLECULAR GENETICS,Y
COS GEOLOGICAL SCIENCE,Y
A&S Biological Sciences,Y
CEAS - Biomedical,Y
MICROBIOLOGY & MOLECULAR GENETICS CNS,Y
NATL SUPERCONDUCTING CYCLOTRON LAB,Y
Pediatrics-Infectious Diseases,Y
Adv Self-pwr Sys Integr SensrT,Y
Microbiology,Y
Surgery Department,Y
Comp Med and Bioinformatics,Y
Pharmacology Department,Y
COMPUTER SCIENCE AND ENGINEERING,Y
Mechanical Engineering,Y
Electrical & Computer Engr.,Y
Biological And Agricultural En,Y
Pediatrics-Pulmonary Medicine,Y
COM Can Bio Price Lab,Y
Cardiac Surgery,Y
SOM-SRG-UR DIV CLINICAL,Y
Forest Biotech Program,Y
COM Psychiatry Basic Research,Y
CHEMICAL ENGINEERING & MATERIALS SCIENCE,Y
Materials Science & Engineerng,Y
SOM-PEDS NEUROLOGY-GENOPS,Y
COM Can Bio Guan Lab,Y
Biostatistics Department,Y
CEAS - Aerospace Eng,Y
Civil Const & Environ Engineer,Y
Prestage Poultry Science,Y
Materials Science & Engin.,Y
LSA Anthropology,Y
A&S Psychology,Y
Dept Molecular Biomedical Scie,Y
Industrial & Operations Engin,Y
Civil & Environmental Eng,Y
EECS - CSE Division,Y
SOM-OPHTHALMOLOGY,Y
Obstetrics and Gynecology Dept,Y
Geology,Y
Plant Biology,Y
TRANSLATION SCIENCE & MOLECULAR MED,Y
Civil & Environmental Engr,Y
CEAS - Mechanical Eng,Y
COS COMPUTER SCIENCE,Y
Textile Engineering,Y
CREATE FOR STEM,Y
COM IM Hematology/Oncology Division,Y
COE Climate & Space,Y
Animal Sciences,Y
Pharmacy Kasting Lab,Y
CEAS - Mech Eng and Materials Eng,Y
Psych Labs and Bioinformatics,Y
A&S Physics Post Docs,Y
COM Neurology Seroogy Lab,Y
Agricultural & Biological Engr,Y
EARTH AND ENVIRONMENTAL SCIENCES,Y
A&S Mathematical Sciences,Y
SOM-MED-CLINICAL PHARMACOLOGY,Y
Crop Sciences,Y
SOM-DERMATOLOGY,Y
COM Anesthesiology,Y
CEAS - Materials Eng,Y
Anesthesiology Department,Y
Molec & Integrative Physiology,Y
COM Cancer Biology Chen Lab,Y
Int Med-Nephrology,Y
PHYSIOLOGY OSTEOPATHIC MEDICINE,Y
SDM-CRANIOFACIAL BIOLOGY,Y
CLINICAL AND TRANSLATIONAL SCIENCES,Y
SOM-SRG-SURG ONC CLINICAL,Y
Molecular & Behav Neurosc Inst,Y
STATISTICS & PROBABILITY,Y
COM Mol Gen Kovall Lab,Y
CENTER FOR DRUG DISCOVERY,Y
COM EH EGMT Burns Lab,Y
CSPH-BIO INFO GENERAL OPS,Y
COM Environmental Health,Y
Orthopaedic Surgery,Y
COM Psychiatry Ulrich-Lai,Y
COE Biomedcial Engineering,Y
LARGE ANIMAL CLINICAL SCIENCES,Y
CoE Center for Health Eng,Y
COM Can Bio Waltz Lab,Y
Radiation Oncology - Can Bio,Y
Psychology,Y
LSA Complex Systems,Y
Biomedical Engineering,Y
SOM-MED-PULMONARY DISEASE,Y
Pediatrics-Genetics,Y
SOM-RADIOLOGY,Y
SOM-MED-BONEMARROW TRANSPLANT,Y
DENT Ortho/Peds Dentistry,Y
Chemical Engineering Dept,Y
Dbn Coll of Eng-Mechanical Eng,Y
SOM-CELL AND DEVOPMENTAL BIO,Y
COM Pathology Xu Lab,Y
COLFA ANTHROPOLOGY,Y
SOM-OTOLARYNGOLOGY,Y
RADIOLOGY HUMAN MEDICINE,Y
Marine,Y
Entomology & Plant Pathology,Y
CIVIL & ENVIRONMENTAL ENGINEERING,Y
Design Research,Y
Statistics,Y
Biochemistry,Y
PHARMACOLOGY TOXICOLOGY,Y
COM Mol Gen Lingrel Lab,Y
COE Civil Engineering,Y
SOM-HEALTH AND WELLNESS CENTER,Y
SOM-OB/GYN BRS,Y
Natural Res & Env Sci,Y
SOM-NEUROSURGERY,Y
SOM-PEDS CARDIOLOGY-GENOPS,Y
LSA Statistics,Y
LSA Ecology & Evolutionary Bio,Y
Emergency Medicine Research,Y
Pathobiology,Y
MI Nanotechnology Institute,Y
OSTEOPATHIC MEDICAL SPECIALTIES COM,Y
Microbiology and Immunology,Y
COM Neurosurgery,Y
Chemistry,Y
LSA Earth & Environmental Sci.,Y
Integrated Pest Mgmt-Research,Y
SOM-MED-RHEUMATOLOGY,Y
FER Tree Physiology,Y
For & Envir Res Acad Research,Y
Biointerfaces,Y
HORTICULTURE ANR,Y
Information Sciences,Y
COM Cancer Biology,Y
Computer Science-engr,Y
Pathology Department,Y
URBAN PLANNING,Y
Int Med-Molecular Med&Genetics,Y
MECHANICAL ENGINEERING,Y
Plant and Microbial Biology,Y
Vascular Surgery Section,Y
Int Med-Infectious Diseases,Y
SOM-PATHOLOGY,Y
DENT Bio & Materials Science,Y
KELLOGG BIO STATION MABR,Y
A&S Chemistry Post Docs,Y
Int Med-Rheumatology,Y
COM EH Epi-Bio Medvedovic Lab,Y
Life Sciences Institute-Admin,Y
PLANT RESEARCH LABORATORY NAT SCIENCE,Y
Lab for Analytic Sciences,Y
School of Information,Y
Ctr fr Translational Pathology,Y
Biological Chemistry Dept,Y
Animal Biology,Y
Atmospheric Sciences,Y
PLANT BIOLOGY CNS,Y
COS CHEMISTRY,Y
Int Med-Cardiology,Y
CENTER FOR MICROBIAL ECOLOGY ANR,Y
SOM-MED-ENDOCRINOLOGY,Y
GEOLOGICAL SCIENCES,Y
Aerospace Engineering,Y
IT SERVICES UNIVERSITY SYSTEMS,Y
Int Med-Pulm./Critical Care,Y
Materials Research Lab,Y
COM Physiology Hogenesch Lab,Y
CHEMICAL AND BIOLOGICAL ENGIN,Y
CoE Ctr Eng Divers & Outrch,Y
Center for Human Growth & Dev,Y
EPIDEMIOLOGY AND BIOSTATISTICS,Y
SOM-PEDS NEONATOLOGY-GENOPS,Y
ArtsEngine,Y
Nuclear Engineering,Y
COM UC Cancer Programs,Y
A&S Geography,Y
SOM-PEDS DEVL BIOLOGY-GENOP,Y
SOM-MED-GERIATRICS,Y
COM Psychiatry R McCullumsmith Lab,Y
Applied Research Institute,Y
BIOSYSTEMS AND AGRICULTURAL ENGINEERING,Y
ELECTRICAL AND COMPUTER ENGINEERING,Y
Mechanical & Aerospace Engr,Y
Environmental Health Sciences,Y
RADIOLOGY OSTEOPATHIC MEDICINE,Y
SOM-PEDS HEMATOLOGY-ONC-GENOPS,Y
SOM-MED-CVP,Y
Metabolism,Y
NEUROSCIENCE PROGRAM,Y
SOM-MED-HEMATOLOGY,Y
Supercomputing Applications,Y
Fisheries and Wildlife Program,Y
COM Pathology Research,Y
COS PHYSICS & ASTRONOMY,Y
Plastic Surgery Section,Y
Animal Science,Y
Dept of Clinical Sciences,Y
Psych Substance Abuse,Y
COE BIOMEDICAL ENGINEERING,Y
SO TX CTR EMERG INFECT DISEASE,Y
Naval Arch & Marine Dept,Y
COMPUTATIONAL MATH SCI AND ENGR EGR,Y
SOM-PEDS JFK-CDU SALSVR,Y
PHARMACY Medicinal Chemistry,Y
Lab Animal Medicine Unit,Y
MICROBIOLOGY AND MOLECULAR GENETICS COM,Y
Epidemiology Department,Y
FORESTRY,Y
COM IM Cardiology Division,Y
SOM-MED-CLINICAL IMMUNOLOGY,Y
NEUROSCIENCES INSTITUTE,Y
CEAS - Chemical Eng,Y
INTEGRATIVE PHYSIOLOGY,Y
LSA Astronomy,Y
PATHOBIOLOGY DIAGNOSTIC INVESTIGAT CVM,Y
SOM - PHARMACOLOGY,Y
Neurosurgery,Y
COM Pathology Wang Lab,Y
SOM-PSYCH HARRIS RSCH SPG/GIFT,Y
Emergency Medicine UM Adult,Y
GLOBAL CHG & EARTH OBSERVATIONS,Y
FISHERIES AND WILDLIFE,Y
Applied Ecology,Y
COEHD HEALTH & KINESIOLOGY,Y
PLANT SOIL AND MICROBIAL SCIENCES,Y
Horticultural Science,Y
COM Pathology Davidson Lab,Y
INSTITUTE FOR INTEGRATIVE TOXICOLOGY,Y
SOM-PEDS ID-GENOPS,Y
GREAT LAKES BIOENERGY RESEARC CTR VPRGS,Y
SOM-EMERGENCY MEDICINE,Y
COM Ophthalmology Kao Lab,Y
Comparative Biosciences,Y
Biomedical Engineering - MS,Y
Psychiatry-Neuropsychology,Y
MATHEMATICS,Y
Biological Sciences,Y
CLAS-CHEMISTRY,Y
CEAS - Elec Eng & Computing Systems,Y
IL Sustainable Technology Ctr,Y
Engineering Administration,Y
College of Pharmacy,Y
ENGR-BIOENGINEERING,Y
Vet Clinical Medicine,Y
COM Orthopaedic Surgery,Y
Int Med-General Medicine,Y
Nuclear,Y
Family Medicine,Y
PHARMACOLOGY & TOXICOLOGY HUMAN MEDICINE,Y
Int Med-Gastroenterology,Y
LSA Physics,Y
SOM - PHYSIOLOGY,Y
COM Psychiatry & CPC,Y
SMPH/NEUROSCIENCE,Y
L&S/INTEGRATIVE BIOLOGY,Y
VCRGE/AQUA SCI/SEA GRANT INST,Y
CALS/ENTOMOLOGY,Y
L&S/ASTRONOMY/ASTRON,Y
L&S/CHEMISTRY/CHEMISTRY,Y
SMPH\PEDIATRICS\INFECT DIS,Y
CALS/BIOCHEMISTRY,Y
VET M/PATHOBIOLOGICAL SCIENCES,Y
SMPH/ONCOLOGY/ONCOLOGY,Y
WSLH\CYTOGENETICS\LABORATORY,Y
OBGYN REPRO ENDO,Y
SMPH/MED MICROBIO/MED MICRO,Y
ENGR/BIOMEDICAL ENGR,Y
SMPH/MEDICINE/CARDIOLOGY,Y
SMPH/PATHOL-LAB MED/ANAT PATH,Y
VCRGE/BIOTECH/GENOMICS,Y
SMPH/SURGERY/VASCULAR SURGERY,Y
SMPH/OB-GYN/GYN RESEARCH,Y
SMPH/MEDICINE/ALLRGY&IMM,Y
SMPH/SURGERY/TRANSPLANT,Y
SMPH/INST AGING/INST AGING,Y
SMPH/MED PHYSICS/MED PHYSIC,Y
SMPH/CARDIO RES CTR/CAR RES CT,Y
SMPH/FAMILY MED/RES GRANTS,Y
SMPH/SURGERY/SURG ONC,Y
SMPH/MEDICINE/HEM-ONC,Y
SMPH/SURGERY/ENDOCRINE,Y
SMPH\PEDIATRICS\ENDO-DIAB,Y
SMPH\PEDIATRICS\AIR,Y
SMPH/SURGERY/COLON RECT,Y
SMPH/SURGERY/OTOLARYNGOLOGY,Y
CALS/PLANT PATHOLOGY,Y
CALS/ FOREST & WILDLIFE ECOL,Y
SMPH/MEDICINE/GER-AD DEV,Y
SMPH/DERMATOLOGY/DERMATOLOG,Y
ENGR/CIVIL & ENVIRON ENGR,Y
L&S/BOTANY/BOTANY,Y
VCRGE/PRIMATE/PRIMATE,Y
PHARM/PHARMACY,Y
ENGR/MATERIALS SCIENCE & ENGR,Y
SMPH/CELL & REGENERATIVE BIOL,Y
L&S/MATHEMATICS/MATH,Y
CALS/SOIL SCIENCE,Y
SMPH/BIOMOLEC CHEM/BIOMOL CHM,Y
ENGR/ENGINEERING PHYSICS,Y
L&S/GEOSCIENCE/GEOSCIENCE,Y
SMPH/MEDICINE/RHEUMATOL,Y
SMPH/MEDICINE/PULMON MED,Y
SMPH/NEURO SURG/NEURO SURG,Y
CALS/HORTICULTURE,Y
L&S/PHYSICS/PHYSICS,Y
ENGR/MECHANCIAL ENGR,Y
VCRGE/MOLEC BIO/MOLEC BIO,Y
SMPH/RADIOLOGY/RADIOLOGY,Y
L&S/PHYSICS/HIGH ENRGY,Y
ENGR/CHEM & BIOLOGICAL ENGR,Y
CALS/BACTERIOLOGY,Y
ENGR/ELECTRICAL & COMPUTER ENG,Y
CALS/BIO SYS ENGR,Y
CALS/GENETICS,Y
SMPH/CARBONE CANC CTR/CANC CTR,Y
SMPH/SURGERY/DENTL-PLASTC SRGY,Y
SMPH/BIOSTAT & MED I/BIOST&M I,Y
L&S/CTR FOR LIMNOLOGY,Y
SMPH/MEDICINE/ENDOCRINOL,Y
ENGR/INDUSTRIAL & SYSTEMS ENGR,Y
CALS/ANIMAL SCIENCE,Y
SMPH/MEDICINE/INFECT DIS,Y
SMPH/ORTHO&REHAB/ORTHO,Y
SMPH\PEDIATRICS\HEM-ONCOL,Y
SMPH/UROLOGY/UROLOGY,Y
SMPH/SURGERY/TRAUMA,Y
VET M/MEDICAL SCIENCES,Y
L&S/COMPUTER SCI/COMP SCI,Y
VCRGE/SPACE SCI/SPACE SCI,Y
SMPH\PEDIATRICS\CARDIOLOGY,Y
SMPH/EMERG MED,Y
SMPH/BIOSTAT &MED I/INFORMATIC,Y
SMPH/OPHTHAL&VIS SCI/GEN,Y
SMPH/HUMAN ONCOLOGY/HUMAN ONCO,Y
VET M/COMPARATIVE BIOSCIENCES,Y
SMPH/MEDICINE/TOBACCO RE,Y
SMPH/ANESTHESIOLOGY/ANESTHESIO,Y
VCRGE/BIOTECH/BIOTECH,Y
OVCRGE/WI ENERGY INSTITUTE,Y
L&S/ATMOS & OCEANIC SCI,Y
MSN/ENV ST/CTR FOR CLIM RES,Y
VET M/SURGICAL SCIENCES,Y
VCRGE/MOLECLR VIR/MOLECLR VIR,Y
SMPH\PEDIATRICS\NEONATO,Y
ENGR/ENGINE CTR,Y
SMPH\PEDIATRICS\PICU,Y
SMPH/NEUROLOGY/NEUROLOGY,Y
"FAMILY MEDICINE, DEPARTMENT OF",Y
"GLOBAL CHG & EARTH OBSERVATIONS, CTR FOR",Y
NAT'L SUPERCONDUCTING CYCLOTRON LAB,Y
"Dept-Population,Health,Pathobi",Y
"Marine, Earth And Atmospheric",Y
"Textile Engineering, Chemistry",Y
"Sci, Tech, Engr & Math (STEM)",Y
"Metabolism, Endo & Diabetes",Y
Beckman Institute,-
ROSS SCH Ctr for Positive Orgs,-
UHS Varsity Village A,-
CQSB research,-
DLHS Division of LKS,-
CASA-CTR,-
Graham Sustainability Inst.,-
FREEDM Center,-
Hoxworth Research,-
UMTRI-Human Factors,-
CSPH-AIANP AP/G,-
RCGD-Rsrch Cntr for Grp Dyn,-
Recreation,-
CSPH-CBH GENERAL OPS,-
SNRE Erb Institute,-
Anthropology,-
ADVANCE Program,-
IL State Water Survey,-
Power America - ECE,-
SOM-LINDA CRNIC INST GEN OPS,-
SOM-PSYCH DPRG SPG/GIFT,-
KCLDS,-
SRC-Hrs,-
SRC-Psid,-
School of Kinesiology,-
COE EECS - ECE Division,-
COM EH Epi Chen Lab,-
Nonwovens Institute,-
COM PCB Kranias Lab,-
COM PCB Fan Lab,-
CSPH-LEAD,-
SOM-PEDS KEMPE-GENOPS,-
COM EH EGMT Yadav Lab,-
Dept-Population,-
COM EH EGMT Xia Lab,-
LSA DAAS,-
Kresge Hearing Research Inst,-
IBG-INST,-
COE OCI,-
SOM-PSYCH-PHARM SP/G,-
CHM FLINT,-
SNRE CILER,-
Kannapolis Research,-
CRSC supplementary,-
ADM Institute for PHL,-
COM EH EGMT Ho Lab,-
COM EH EGMT Kim Lab,-
ANTHROPOLOGY,-
Interdisciplinary Studies,-
LASP,-
CSPH-HSMP GENERAL OPS,-
CALS/CIAS,-
VCRGE/WAISMAN/WAISMAN,-
CALS/DAIRY SCIENCE,-
VCRGE/WIPAC/WIPAC,-
L&S/THE INFORMATION SCHOOL,-
SMPH/METC/METC,-
L&S/SSRS/SSRS-GEN,-
VCRGE/WID/WI INST DISC,-
OVCRGE/GLBRC,-
SMPH-ADMIN-BASIC RESEARCH,-
INTL DIV/CREECA,-
EDUC/GEN ADMIN/MORGRIDGE CTR,-
CALS/FOOD SCIENCE,-
MSN/ENV ST/SAGE,-