'Molecular & Integrative Physl',
 'Political Science',
 'LSA Biophysics',
 'Beckman Institute',
 'Forest Biomaterials',
 'ROSS SCH Management & Orgs.',
 'Office of Academic Affairs',
 'GEOGRAPHY ENVIRONMENT SPATIAL SCIENCES',
 'Nutritional Sciences',
 'Ctr. for Geospatial Analytics',
 'Human Genetics Department',
 'COS BIOLOGY',
 'Coordinated Science Lab',
 'COMPUTATIONAL MATH SCI AND ENGR CNS',
 'SOM-MED-GASTROENTEROLOGY',
 'Pediatrics-Endocrinology',
 'LSA Kelsey Museum of Arch',
 'ROSS SCH Ctr for Positive Orgs',
 'COE ELECTRICAL ENGINEERING',
 'U of M Energy Institute',
 'CENTER FOR THE STUDY OF CURRICULUM',
 'SOM-MED-INFECTIOUS DISEASE',
 'Mathematics',
 'SOM-SRG-VS CLINICAL',
 'School of Dentistry',
 'LSA Near Eastern Studies',
 'COM IM Pulmonary Division',
 'Chemical & Biomolecular C&G',
 'UMTRI-Engineering Systems',
 'UHS Varsity Village A',
 'Nuclear Eng & Radiological Sci',
 'COM Pathology Hui Lab',
 'Materials Science &Engineering',
 'Radiation Oncology - Physics',
 'COE CIVIL ENGINEERING',
 'Information Trust Institute',
 'BIOCHEMISTRY',
 'CQSB research',
 'DLHS Division of LKS',
 'COM Can Bio Zhang Lab',
 'Pharmacy Practice and Admin Sciences',
 'CASA-CTR,ASTROPHYS&SPACE ASTRO',
 'CECH Education',
 'Entomology',
 'SOM-IMMUNOLOGY MICROBIOLOGY',
 'Psych HlthSvc Outcome Research',
 'SOM-SRG-GI CLINICAL',
 'COM Can Bio Du Lab',
 'SOM-MED-GIM',
 'SOM-RADIATION ONCOLOGY',
 'ANIMAL CARE PROGRAM',
 'Neurology Department',
 'COM Can Bio Plas Lab',
 'SOM-PEDS GENERAL PEDS-GENOPS',
 'ENGR-ELECTRICAL',
 'Depression Center',
 'SOM-MED-BIOMED',
 'SOM-MED-HCP&R GEN OPERATIONS',
 'Pediatric Surgery Section',
 'CECH Criminal Justice',
 'CEAS - Biomedical Eng',
 'COM Pathology Tso Lab',
 'Micro and Nanotechnology Lab',
 'SOM-SRG-PEDS CLINICAL',
 'PHYSIOLOGY HUMAN MEDICINE',
 'SRC-Quantitative Methods',
 'Mechanical Sci & Engineering',
 'Physics',
 'SOM-ANESTHESIOLOGY',
 'COEHD ACAD TEACHER EXCELLENCE',
 'LSA History',
 'Dbn Col of Eng-Electric & Comp',
 'Graham Sustainability Inst.',
 'COM Mol Gen T Thompson Lab',
 'SOM-SRG-CT CLINICAL',
 'COM IM Immunology Division',
 'PHYSIOLOGY NATURAL SCIENCE',
 'SOM-MED-ONCOLOGY',
 'Electrical & Computer Eng',
 'IL Natural History Survey',
 'English',
 'Crop & Soil Sciences',
 'COM Psychiatry Sah',
 'COM EH EGMT Puga Lab',
 'Asian American Studies',
 'PHYSICS-ASTRONOMY',
 'Chemical & Biomolecular Engr',
 'PSYCHOLOGY SOCIAL SCIENCE',
 'Institute for Genomic Biology',
 'ENTOMOLOGY AGRICULTURE AND NATURAL RES',
 'COM IM Infectious Diseases Division',
 'CLAS-BIOLOGY',
 'SOM-NEUROLOGY',
 'HUMAN DEVELOPMENT & FAMILY STUDIES - CSS',
 'BIO/COMPUTATIONAL EVOLUTION IN ACTION',
 'SRC-Innovation,Netwrks&Knwldge',
 'Biotechnology Teaching',
 'COE MECHANICAL ENGINEERING',
 'Cell & Developmental Biology',
 'FAMILY MEDICINE, DEPARTMENT OF',
 'SOM-RM PHYSICAL THERAPY',
 'FREEDM Center',
 'Sch of Nat Resources & Environ',
 'Counseling Services',
 'Astronomy',
 'SOM-MED-RENAL GENERAL',
 'School of Medicine',
 'Pediatrics-Nephrology',
 'School of Pharmacy',
 'SOM-PEDS NUTRITION-SALSVR',
 'ANIMAL SCIENCE DEPARTMENT ANR',
 'Psychiatry-ASAP',
 'SOM-MED-CARDIOLOGY',
 'INTEGRATIVE BIOLOGY',
 'LSA Molec./Cell./Develop. Bio',
 'COM EH Bio Medvedovic Lab',
 'Pharmacy Pauletti Lab',
 'Cell and Developmental Biology',
 'Clinical Pharmacy',
 'Urology',
 'COM Can Bio Biology Ben-Jonathan Lab',
 'Hlth Behavior & Hlth Ed Dept',
 'Hoxworth Research',
 'GEOGRAPHY DEPARTMENT',
 'Sci, Tech, Engr & Math (STEM)',
 'PACKAGING',
 'Pediatrics-Hematology/Oncology',
 'UMTRI-Human Factors',
 'CAHS Communication Sciences & Disorders',
 'History',
 'Foreign Languages And Literatu',
 'RESEARCH TECHNOLOGY SUPPORT FACILTY',
 'BIOCHEMISTRY & MOLECULAR BIOLOGY CNS',
 'Philosophy & Religious Studies',
 'SOM-BARBARA DAVIS CENTER',
 'PEDIATRICS AND HUMAN DEVELOPMENT',
 'Pharmacy Pharmaceutical Sciences',
 'BIOFRONTIERS INSTITUTE',
 'Geography & Geographic InfoSci',
 'CSPH-AIANP AP/G',
 'Physics Grads & Temps',
 'Int Med-Hematology/Oncology',
 'Population Studies Center',
 'NC Inst of Climate Studies',
 'ENGR-CIVIL',
 'LSA Chemistry',
 'Ag & Resource Economics',
 'Department of Radiology',
 'Biomedical Program - ENG',
 'SOM-MED ADMIN RESEARCH',
 'Adv Simulation of Lght Wt Rect',
 'RCGD-Rsrch Cntr for Grp Dyn',
 'A&S Geology',
 'COM Surgery Research',
 'Computer Science',
 'Bioengineering',
 'Textile & Apparel, Technology',
 'COM Pathology & Lab Medicine',
 'COM Psychiatry Clinical Research',
 'DENT Periodontics and Oral Med',
 'AGRICULTURAL FOOD AND RESOURCE ECONOMICS',
 'OBSTETRICS GYNECOLOGY & REPRODUCTIVE BIO',
 'KELLOGG BIOLOGICAL STATION NAT. SCI.',
 'SOM-PSYCH BEH H&W SPR/GIFT',
 'Recreation, Sport and Tourism',
 'PHARMACY Pharmaceutical Sci',
 'FACILITY FOR RARE ISOTOPE BEAMS',
 'CSPH-CBH GENERAL OPS',
 'CHEMISTRY',
 'COM Emergency Medicine A',
 'PHYSICS',
 'Ophthalmology & Visual Science',
 'Dermatology Department',
 'School of Nursing',
 'Emergency Med Critical Care',
 'SOM-BIOCHEM&MOLECULAR GENETICS',
 'COS GEOLOGICAL SCIENCE',
 "COE Dean's Office",
 'A&S Biological Sciences',
 'CEAS - Biomedical, Chemical, and Env Eng',
 'MICROBIOLOGY & MOLECULAR GENETICS CNS',
 "NAT'L SUPERCONDUCTING CYCLOTRON LAB",
 'SNRE Erb Institute',
 'Pediatrics-Infectious Diseases',
 'Anthropology',
 'Adv Self-pwr Sys Integr SensrT',
 'Microbiology',
 'Surgery Department',
 'Comp Med and Bioinformatics',
 'BTEC-Biomfg Training Ed Ctr',
 'Pharmacology Department',
 'COMPUTER SCIENCE AND ENGINEERING',
 'Mechanical Engineering',
 'Agr & Consumer Economics',
 'CPS- Ctr for Political Studies',
 'Electrical & Computer Engr.',
 'COB Marketing',
 'COMMUNICATION',
 'Biological And Agricultural En',
 'Pediatrics-Pulmonary Medicine',
 'COM Can Bio Price Lab',
 'Cardiac Surgery',
 'SOM-SRG-UR DIV CLINICAL',
 'Forest Biotech Program',
 'COM Psychiatry Basic Research',
 'Law Research Faculty Activity',
 'CHEMICAL ENGINEERING & MATERIALS SCIENCE',
 'Materials Science & Engineerng',
 'Inst for Sustain, Enrgy, & Env',
 'SOM-PEDS NEUROLOGY-GENOPS',
 'ADVANCE Program',
 'IL State Water Survey',
 'Power America - ECE',
 'COM Can Bio Guan Lab',
 'Biostatistics Department',
 'CEAS - Aerospace Eng',
 'Civil Const & Environ Engineer',
 'Prestage Poultry Science',
 'PHILOSOPHY',
 'Business Administration',
 'Materials Science & Engin.',
 'Media and Cinema Studies',
 'LSA Anthropology',
 'A&S Psychology',
 'Dept Molecular Biomedical Scie',
 'Industrial & Operations Engin',
 'Civil & Environmental Eng',
 'EECS - CSE Division',
 'SOM-OPHTHALMOLOGY',
 'Obstetrics and Gynecology Dept',
 'SRC-Survey Methodology',
 'Geology',
 'Plant Biology',
 'CENTER FOR GLOBAL CONNECTIONS CGC',
 'TRANSLATION SCIENCE & MOLECULAR MED',
 'Civil & Environmental Engr',
 "EDUC-DEAN'S OFFICE",
 'CEAS - Mechanical Eng',
 'COS COMPUTER SCIENCE',
 'Textile Engineering, Chemistry',
 'Child Behavioral Health',
 'LSA II: Weiser Emerging Democr',
 'CREATE FOR STEM',
 'MCDB-INSTRUCTION',
 'COM IM Hematology/Oncology Division',
 'COE Climate & Space',
 'Animal Sciences',
 'Pharmacy Kasting Lab',
 'CEAS - Mech Eng and Materials Eng',
 'Psych Labs and Bioinformatics',
 'Engineering-Academic Affairs',
 'A&S Physics Post Docs',
 'COM Neurology Seroogy Lab',
 'Agricultural & Biological Engr',
 'EARTH AND ENVIRONMENTAL SCIENCES',
 'SOM-LINDA CRNIC INST GEN OPS',
 'A&S Mathematical Sciences',
 'SOM-MED-CLINICAL PHARMACOLOGY',
 'Crop Sciences',
 'TEACHER EDUCATION',
 'SOM-DERMATOLOGY',
 'COM Anesthesiology',
 'CEAS - Materials Eng',
 'School of Social Work',
 'Anesthesiology Department',
 'Molec & Integrative Physiology',
 'COM Cancer Biology Chen Lab',
 'POLITICAL SCIENCE',
 'Int Med-Nephrology',
 'School of Labor & Empl. Rel.',
 'PHYSIOLOGY OSTEOPATHIC MEDICINE',
 'SRC - Youth & Social Issues',
 'SDM-CRANIOFACIAL BIOLOGY',
 'CLINICAL AND TRANSLATIONAL SCIENCES',
 'SOM-SRG-SURG ONC CLINICAL',
 'Molecular & Behav Neurosc Inst',
 'Food Science & Human Nutrition',
 'STATISTICS & PROBABILITY',
 'COM Mol Gen Kovall Lab',
 'CENTER FOR DRUG DISCOVERY',
 'COM EH EGMT Burns Lab',
 'CSPH-BIO INFO GENERAL OPS',
 'COM Environmental Health',
 'DEPARTMENT OF MEDIA AND INFORMATION',
 'Orthopaedic Surgery',
 'COM Psychiatry Ulrich-Lai',
 'COE Biomedcial Engineering',
 'LARGE ANIMAL CLINICAL SCIENCES',
 'CoE Center for Health Eng',
 'COM Can Bio Waltz Lab',
 'Radiation Oncology - Can Bio',
 'Psychology',
 'LSA Complex Systems',
 'LSA Philosophy',
 'Biomedical Engineering',
 'SOM-MED-PULMONARY DISEASE',
 'SOM-PSYCH DPRG SPG/GIFT',
 'Pediatrics-Genetics',
 'SOM-RADIOLOGY',
 'SOM-MED-BONEMARROW TRANSPLANT',
 'DENT Ortho/Peds Dentistry',
 'Law Clinical Activity',
 'Chemical Engineering Dept',
 'KCLDS',
 'Urban Planning',
 'SRC-Hrs',
 'Dbn Coll of Eng-Mechanical Eng',
 'SRC-Psid',
 'SOM-CELL AND DEVOPMENTAL BIO',
 'COM Pathology Xu Lab',
 'COLFA ANTHROPOLOGY',
 'SOM-OTOLARYNGOLOGY',
 'LSA History of Art',
 'RADIOLOGY HUMAN MEDICINE',
 'Marine, Earth And Atmospheric',
 'Kinesiology & Community Health',
 'Entomology & Plant Pathology',
 'Food,Bioprocess & Nutrition Sc',
 'Educational Psychology',
 'Law',
 'CIVIL & ENVIRONMENTAL ENGINEERING',
 'School of Kinesiology',
 'Design Research',
 'COMMUNICATIVE SCIENCES DISORDERS CAS',
 'Statistics',
 'SOP-ADMINISTRATION',
 'Biochemistry',
 'PHARMACOLOGY TOXICOLOGY',
 'COM Mol Gen Lingrel Lab',
 'COE Civil Engineering',
 'SOM-HEALTH AND WELLNESS CENTER',
 'Latina/Latino Studies',
 'SOM-OB/GYN BRS',
 'Natural Res & Env Sci',
 'SOM-NEUROSURGERY',
 'COE EECS - ECE Division',
 'LSA Natl Ctr Inst Diversity',
 'COM EH Epi Chen Lab',
 'SOM-PEDS CARDIOLOGY-GENOPS',
 'LSA Statistics',
 'LSA Ecology & Evolutionary Bio',
 'Emergency Medicine Research',
 'Pathobiology',
 'MI Nanotechnology Institute',
 'Law School',
 'OSTEOPATHIC MEDICAL SPECIALTIES COM',
 'Microbiology and Immunology',
 'COM Neurosurgery',
 'Chemistry',
 'LSA Earth & Environmental Sci.',
 'Integrated Pest Mgmt-Research',
 'SOM-MED-RHEUMATOLOGY',
 'FER Tree Physiology',
 'CRSC - Grants',
 'LSA English Language & Lit.',
 'Nonwovens Institute',
 'For & Envir Res Acad Research',
 'Biointerfaces',
 'HORTICULTURE ANR',
 'Information Sciences',
 'COM PCB Kranias Lab',
 'COM Cancer Biology',
 'Computer Science-engr',
 'Pathology Department',
 'URBAN PLANNING',
 'LSA Psychology',
 'Int Med-Molecular Med&Genetics',
 'Germanic Languages & Lit',
 'COM PCB Fan Lab',
 'CSPH-LEAD',
 'MECHANICAL ENGINEERING',
 'Plant and Microbial Biology',
 'COUNSELING, EDUC PSYCH & SPEC EDUC',
 'SOM-PEDS KEMPE-GENOPS',
 'Vascular Surgery Section',
 'COM EH EGMT Yadav Lab',
 'COMMUNITY EVALUATION & RSCH COLLABRTVE',
 'Int Med-Infectious Diseases',
 'Dept-Population,Health,Pathobi',
 'SOM-PATHOLOGY',
 'EDUCATION DEAN',
 'DENT Bio & Materials Science',
 'KELLOGG BIO STATION MABR',
 'COM EH EGMT Xia Lab',
 'A&S Chemistry Post Docs',
 'Int Med-Rheumatology',
 'COM EH Epi-Bio Medvedovic Lab',
 'Life Sciences Institute-Admin',
 'PLANT RESEARCH LABORATORY NAT SCIENCE',
 'Lab for Analytic Sciences',
 'LSA DAAS',
 'School of Information',
 'Ctr fr Translational Pathology',
 'Biological Chemistry Dept',
 'LSA Economics',
 'Animal Biology',
 'Atmospheric Sciences',
 'G. Ford Sc Pub Pol',
 'PLANT BIOLOGY CNS',
 'COS CHEMISTRY',
 'Int Med-Cardiology',
 'CENTER FOR MICROBIAL ECOLOGY ANR',
 'Psychiatry Child Services',
 'SOM-MED-ENDOCRINOLOGY',
 'LSA Judaic Studies',
 'Pgm for Res in the Humanities',
 'GEOLOGICAL SCIENCES',
 'Aerospace Engineering',
 'IT SERVICES UNIVERSITY SYSTEMS',
 'Int Med-Pulm./Critical Care',
 'Kresge Hearing Research Inst',
 'Materials Research Lab',
 'COM Physiology Hogenesch Lab',
 'IBG-INST,BEHAVIORAL GENETICS',
 'CHEMICAL AND BIOLOGICAL ENGIN',
 'CoE Ctr Eng Divers & Outrch',
 'Center for Human Growth & Dev',
 'EPIDEMIOLOGY AND BIOSTATISTICS',
 'SOM-PEDS NEONATOLOGY-GENOPS',
 'GSA - Administration (GSA/ADM)',
 'PSYCH-PSYCHOLOGY',
 'ArtsEngine',
 'COE OCI',
 'SOM-PSYCH-PHARM SP/G',
 'Nuclear Engineering',
 'LSA II: Nam Ctr Korean Studies',
 'Psychiatry Depression Center',
 'Sociology & Anthropology',
 'HISTORY',
 'COM UC Cancer Programs',
 'CHM FLINT',
 'A&S Geography',
 'SOM-PEDS DEVL BIOLOGY-GENOP',
 'EXTENSION HEALTH AND NUTRITION',
 'SOM-MED-GERIATRICS',
 'African American Studies',
 'SNRE CILER',
 'COM Psychiatry R McCullumsmith Lab',
 'Applied Research Institute',
 'BIOSYSTEMS AND AGRICULTURAL ENGINEERING',
 'ELECTRICAL AND COMPUTER ENGINEERING',
 'Mechanical & Aerospace Engr',
 'Environmental Health Sciences',
 'RADIOLOGY OSTEOPATHIC MEDICINE',
 'Kannapolis Research',
 'SOM-PEDS HEMATOLOGY-ONC-GENOPS',
 'SOM-MED-CVP',
 'Metabolism, Endo & Diabetes',
 'NEUROSCIENCE PROGRAM',
 'Parks, Recreation & Tourism Mg',
 'CRSC  supplementary',
 'SOM-MED-HEMATOLOGY',
 'Supercomputing Applications',
 'Fisheries and Wildlife Program',
 'COM Pathology Research',
 'COS PHYSICS & ASTRONOMY',
 'Plastic Surgery Section',
 'LSA Humanities Institute',
 'Animal Science',
 'CVM Teaching Hospital',
 'Dept of Clinical Sciences',
 'Education Administration',
 'Psych Substance Abuse',
 'COE BIOMEDICAL ENGINEERING',
 'SO TX CTR EMERG INFECT DISEASE',
 'Naval Arch & Marine Dept',
 'COMPUTATIONAL MATH SCI AND ENGR EGR',
 'SOM-PEDS JFK-CDU SALSVR',
 'PHARMACY Medicinal Chemistry',
 'Lab Animal Medicine Unit',
 'MICROBIOLOGY AND MOLECULAR GENETICS COM',
 'Epidemiology Department',
 'FORESTRY',
 'COM IM Cardiology Division',
 'ADM Institute for PHL',
 'SOM-MED-CLINICAL IMMUNOLOGY',
 'NEUROSCIENCES INSTITUTE',
 'CEAS - Chemical Eng',
 'COM EH EGMT Ho Lab',
 'FOOD SCIENCE AND HUM NUTRITION ANR',
 'COM EH EGMT Kim Lab',
 'ANTHROPOLOGY',
 'INTEGRATIVE PHYSIOLOGY',
 'Interdisciplinary Studies',
 'LSA Astronomy',
 'PATHOBIOLOGY DIAGNOSTIC INVESTIGAT CVM',
 'SOE-Educational Studies',
 'SOM - PHARMACOLOGY',
 'Neurosurgery',
 'LASP',
 'MSUE DIRECTORS OFFICE',
 'COM Pathology Wang Lab',
 'SOM-PSYCH HARRIS RSCH SPG/GIFT',
 'Emergency Medicine UM Adult',
 'GLOBAL CHG & EARTH OBSERVATIONS, CTR FOR',
 'FISHERIES AND WILDLIFE',
 'Applied Ecology',
 'COEHD HEALTH & KINESIOLOGY',
 'PLANT SOIL AND MICROBIAL SCIENCES',
 'Horticultural Science',
 'COM Pathology Davidson Lab',
 'Dance',
 'INSTITUTE FOR INTEGRATIVE TOXICOLOGY',
 'LSA II: Chinese Studies',
 'SOM-PEDS ID-GENOPS',
 'GREAT LAKES BIOENERGY RESEARC CTR VPRGS',
 'SOM-EMERGENCY MEDICINE',
 'CSPH-HSMP GENERAL OPS',
 'COM  Ophthalmology Kao Lab',
 'Comparative Biosciences',
 'Biomedical Engineering - MS',
 'Psychiatry-Neuropsychology',
 'MATHEMATICS',
 'Biological Sciences',
 'CLAS-CHEMISTRY',
 'CEAS - Elec Eng & Computing Systems',
 'IL Sustainable Technology Ctr',
 'Engineering Administration',
 'College of Pharmacy',
 'School of Education',
 'ENGR-BIOENGINEERING',
 'Vet Clinical Medicine',
 'COM Orthopaedic Surgery',
 'Int Med-General Medicine',
 'Nuclear, Plasma, & Rad Engr',
 'Family Medicine',
 'PHARMACOLOGY & TOXICOLOGY HUMAN MEDICINE',
 'Int Med-Gastroenterology',
 'LSA Physics',
 'SOM - PHYSIOLOGY',
 'American Indian Studies Prgrm',
 'COM Psychiatry & CPC',
 'LSA Linguistics'
